<code_scheme name="Default" version="173">
  <Objective-C>
    <option name="NAMESPACE_BRACE_PLACEMENT" value="2" />
    <option name="FUNCTION_BRACE_PLACEMENT" value="2" />
    <option name="TAG_PREFIX_OF_LINE_COMMENT" value="AT" />
  </Objective-C>
  <Objective-C-extensions>
    <option name="TAG_PREFIX_OF_LINE_COMMENT" value="AT" />
  </Objective-C-extensions>
  <codeStyleSettings language="ObjectiveC">
    <option name="BRACE_STYLE" value="2" />
    <option name="CLASS_BRACE_STYLE" value="2" />
    <option name="ELSE_ON_NEW_LINE" value="true" />
    <option name="IF_BRACE_FORCE" value="3" />
  </codeStyleSettings>
</code_scheme>