<application>
  <component name="ProjectManager">
    <defaultProject>
      <component name="CMakeSettings">
        <configurations>
          <configuration PROFILE_NAME="Debug" CONFIG_NAME="Debug" />
        </configurations>
      </component>
      <component name="ProjectInspectionProfilesVisibleTreeState">
        <entry key="Project Default">
          <profile-state>
            <expanded-state>
              <State />
              <State>
                <id>CSS</id>
              </State>
              <State>
                <id>Code quality toolsCSS</id>
              </State>
              <State>
                <id>Code quality toolsJavaScript</id>
              </State>
              <State>
                <id>General</id>
              </State>
              <State>
                <id>JavaScript</id>
              </State>
              <State>
                <id>Python</id>
              </State>
              <State>
                <id>Shell Script</id>
              </State>
            </expanded-state>
            <selected-state>
              <State>
                <id>Buildout</id>
              </State>
            </selected-state>
          </profile-state>
        </entry>
      </component>
      <component name="PropertiesComponent">
        <property name="settings.editor.selected.configurable" value="dynamic.analysis.tools.valgrind" />
      </component>
    </defaultProject>
  </component>
</application>